<?xml version="1.0" encoding="UTF-8"?>
<GenRun Id="synth_1" LaunchPart="xc7a100tcsg324-1" LaunchTime="1613689039">
  <File Type="PA-TCL" Name="Practica3.tcl"/>
  <File Type="RDS-PROPCONSTRS" Name="Practica3_drc_synth.rpt"/>
  <File Type="REPORTS-TCL" Name="Practica3_reports.tcl"/>
  <File Type="RDS-RDS" Name="Practica3.vds"/>
  <File Type="RDS-UTIL" Name="Practica3_utilization_synth.rpt"/>
  <File Type="RDS-UTIL-PB" Name="Practica3_utilization_synth.pb"/>
  <File Type="RDS-DCP" Name="Practica3.dcp"/>
  <File Type="VDS-TIMINGSUMMARY" Name="Practica3_timing_summary_synth.rpt"/>
  <File Type="VDS-TIMING-PB" Name="Practica3_timing_summary_synth.pb"/>
  <FileSet Name="sources" Type="DesignSrcs" RelSrcDir="$PSRCDIR/sources_1">
    <Filter Type="Srcs"/>
    <File Path="$PPRDIR/../Practica3.vhd">
      <FileInfo>
        <Attr Name="UsedIn" Val="synthesis"/>
        <Attr Name="UsedIn" Val="simulation"/>
      </FileInfo>
    </File>
    <File Path="$PPRDIR/../tb_practica3.vhd">
      <FileInfo>
        <Attr Name="AutoDisabled" Val="1"/>
        <Attr Name="UsedIn" Val="synthesis"/>
        <Attr Name="UsedIn" Val="simulation"/>
      </FileInfo>
    </File>
    <Config>
      <Option Name="DesignMode" Val="RTL"/>
      <Option Name="TopModule" Val="Practica3"/>
    </Config>
  </FileSet>
  <FileSet Name="constrs_in" Type="Constrs" RelSrcDir="$PSRCDIR/constrs_1">
    <Filter Type="Constrs"/>
    <File Path="$PPRDIR/practica3.xdc">
      <FileInfo>
        <Attr Name="UsedIn" Val="synthesis"/>
        <Attr Name="UsedIn" Val="implementation"/>
      </FileInfo>
    </File>
    <Config>
      <Option Name="TargetConstrsFile" Val="$PPRDIR/practica3.xdc"/>
      <Option Name="ConstrsType" Val="XDC"/>
    </Config>
  </FileSet>
  <Strategy Version="1" Minor="2">
    <StratHandle Name="Vivado Synthesis Defaults" Flow="Vivado Synthesis 2018"/>
    <Step Id="synth_design"/>
  </Strategy>
</GenRun>
