<?xml version="1.0" encoding="UTF-8"?>
<GenRun Id="impl_1" LaunchPart="xc7a100tcsg324-1" LaunchTime="1613689039">
  <File Type="BITSTR-BMM" Name="Practica3_bd.bmm"/>
  <File Type="OPT-METHODOLOGY-DRC" Name="Practica3_methodology_drc_opted.rpt"/>
  <File Type="INIT-TIMING" Name="Practica3_timing_summary_init.rpt"/>
  <File Type="ROUTE-PWR" Name="Practica3_power_routed.rpt"/>
  <File Type="PA-TCL" Name="Practica3.tcl"/>
  <File Type="OPT-TIMING" Name="Practica3_timing_summary_opted.rpt"/>
  <File Type="OPT-DCP" Name="Practica3_opt.dcp"/>
  <File Type="ROUTE-PWR-SUM" Name="Practica3_power_summary_routed.pb"/>
  <File Type="REPORTS-TCL" Name="Practica3_reports.tcl"/>
  <File Type="OPT-DRC" Name="Practica3_drc_opted.rpt"/>
  <File Type="OPT-HWDEF" Name="Practica3.hwdef"/>
  <File Type="PWROPT-DCP" Name="Practica3_pwropt.dcp"/>
  <File Type="PWROPT-DRC" Name="Practica3_drc_pwropted.rpt"/>
  <File Type="PWROPT-TIMING" Name="Practica3_timing_summary_pwropted.rpt"/>
  <File Type="PLACE-DCP" Name="Practica3_placed.dcp"/>
  <File Type="PLACE-IO" Name="Practica3_io_placed.rpt"/>
  <File Type="PLACE-CLK" Name="Practica3_clock_utilization_placed.rpt"/>
  <File Type="PLACE-UTIL" Name="Practica3_utilization_placed.rpt"/>
  <File Type="PLACE-UTIL-PB" Name="Practica3_utilization_placed.pb"/>
  <File Type="PLACE-CTRL" Name="Practica3_control_sets_placed.rpt"/>
  <File Type="PLACE-SIMILARITY" Name="Practica3_incremental_reuse_placed.rpt"/>
  <File Type="PLACE-PRE-SIMILARITY" Name="Practica3_incremental_reuse_pre_placed.rpt"/>
  <File Type="BG-BGN" Name="Practica3.bgn"/>
  <File Type="PLACE-TIMING" Name="Practica3_timing_summary_placed.rpt"/>
  <File Type="POSTPLACE-PWROPT-DCP" Name="Practica3_postplace_pwropt.dcp"/>
  <File Type="BG-BIN" Name="Practica3.bin"/>
  <File Type="POSTPLACE-PWROPT-TIMING" Name="Practica3_timing_summary_postplace_pwropted.rpt"/>
  <File Type="PHYSOPT-DCP" Name="Practica3_physopt.dcp"/>
  <File Type="PHYSOPT-DRC" Name="Practica3_drc_physopted.rpt"/>
  <File Type="BITSTR-MSK" Name="Practica3.msk"/>
  <File Type="PHYSOPT-TIMING" Name="Practica3_timing_summary_physopted.rpt"/>
  <File Type="ROUTE-ERROR-DCP" Name="Practica3_routed_error.dcp"/>
  <File Type="ROUTE-DCP" Name="Practica3_routed.dcp"/>
  <File Type="ROUTE-BLACKBOX-DCP" Name="Practica3_routed_bb.dcp"/>
  <File Type="ROUTE-DRC" Name="Practica3_drc_routed.rpt"/>
  <File Type="ROUTE-DRC-PB" Name="Practica3_drc_routed.pb"/>
  <File Type="BITSTR-LTX" Name="debug_nets.ltx"/>
  <File Type="BITSTR-LTX" Name="Practica3.ltx"/>
  <File Type="ROUTE-DRC-RPX" Name="Practica3_drc_routed.rpx"/>
  <File Type="BITSTR-MMI" Name="Practica3.mmi"/>
  <File Type="ROUTE-METHODOLOGY-DRC" Name="Practica3_methodology_drc_routed.rpt"/>
  <File Type="ROUTE-METHODOLOGY-DRC-RPX" Name="Practica3_methodology_drc_routed.rpx"/>
  <File Type="BITSTR-SYSDEF" Name="Practica3.sysdef"/>
  <File Type="ROUTE-METHODOLOGY-DRC-PB" Name="Practica3_methodology_drc_routed.pb"/>
  <File Type="ROUTE-PWR-RPX" Name="Practica3_power_routed.rpx"/>
  <File Type="ROUTE-STATUS" Name="Practica3_route_status.rpt"/>
  <File Type="ROUTE-STATUS-PB" Name="Practica3_route_status.pb"/>
  <File Type="ROUTE-TIMINGSUMMARY" Name="Practica3_timing_summary_routed.rpt"/>
  <File Type="ROUTE-TIMING-PB" Name="Practica3_timing_summary_routed.pb"/>
  <File Type="ROUTE-TIMING-RPX" Name="Practica3_timing_summary_routed.rpx"/>
  <File Type="ROUTE-SIMILARITY" Name="Practica3_incremental_reuse_routed.rpt"/>
  <File Type="ROUTE-CLK" Name="Practica3_clock_utilization_routed.rpt"/>
  <File Type="ROUTE-BUS-SKEW" Name="Practica3_bus_skew_routed.rpt"/>
  <File Type="ROUTE-BUS-SKEW-PB" Name="Practica3_bus_skew_routed.pb"/>
  <File Type="ROUTE-BUS-SKEW-RPX" Name="Practica3_bus_skew_routed.rpx"/>
  <File Type="POSTROUTE-PHYSOPT-DCP" Name="Practica3_postroute_physopt.dcp"/>
  <File Type="POSTROUTE-PHYSOPT-BLACKBOX-DCP" Name="Practica3_postroute_physopt_bb.dcp"/>
  <File Type="POSTROUTE-PHYSOPT-TIMING" Name="Practica3_timing_summary_postroute_physopted.rpt"/>
  <File Type="POSTROUTE-PHYSOPT-TIMING-PB" Name="Practica3_timing_summary_postroute_physopted.pb"/>
  <File Type="POSTROUTE-PHYSOPT-TIMING-RPX" Name="Practica3_timing_summary_postroute_physopted.rpx"/>
  <File Type="POSTROUTE-PHYSOPT-BUS-SKEW" Name="Practica3_bus_skew_postroute_physopted.rpt"/>
  <File Type="POSTROUTE-PHYSOPT-BUS-SKEW-PB" Name="Practica3_bus_skew_postroute_physopted.pb"/>
  <File Type="BG-BIT" Name="Practica3.bit"/>
  <File Type="POSTROUTE-PHYSOPT-BUS-SKEW-RPX" Name="Practica3_bus_skew_postroute_physopted.rpx"/>
  <File Type="BITSTR-RBT" Name="Practica3.rbt"/>
  <File Type="BITSTR-NKY" Name="Practica3.nky"/>
  <File Type="BG-DRC" Name="Practica3.drc"/>
  <File Type="RDI-RDI" Name="Practica3.vdi"/>
  <File Type="WBT-USG" Name="usage_statistics_webtalk.html"/>
  <FileSet Name="sources" Type="DesignSrcs" RelSrcDir="$PSRCDIR/sources_1">
    <Filter Type="Srcs"/>
    <File Path="$PPRDIR/../Practica3.vhd">
      <FileInfo>
        <Attr Name="UsedIn" Val="synthesis"/>
        <Attr Name="UsedIn" Val="simulation"/>
      </FileInfo>
    </File>
    <File Path="$PPRDIR/../tb_practica3.vhd">
      <FileInfo>
        <Attr Name="AutoDisabled" Val="1"/>
        <Attr Name="UsedIn" Val="synthesis"/>
        <Attr Name="UsedIn" Val="simulation"/>
      </FileInfo>
    </File>
    <Config>
      <Option Name="DesignMode" Val="RTL"/>
      <Option Name="TopModule" Val="Practica3"/>
    </Config>
  </FileSet>
  <FileSet Name="constrs_in" Type="Constrs" RelSrcDir="$PSRCDIR/constrs_1">
    <Filter Type="Constrs"/>
    <File Path="$PPRDIR/practica3.xdc">
      <FileInfo>
        <Attr Name="UsedIn" Val="synthesis"/>
        <Attr Name="UsedIn" Val="implementation"/>
      </FileInfo>
    </File>
    <Config>
      <Option Name="TargetConstrsFile" Val="$PPRDIR/practica3.xdc"/>
      <Option Name="ConstrsType" Val="XDC"/>
    </Config>
  </FileSet>
  <Strategy Version="1" Minor="2">
    <StratHandle Name="Vivado Implementation Defaults" Flow="Vivado Implementation 2018"/>
    <Step Id="init_design"/>
    <Step Id="opt_design"/>
    <Step Id="power_opt_design"/>
    <Step Id="place_design"/>
    <Step Id="post_place_power_opt_design"/>
    <Step Id="phys_opt_design"/>
    <Step Id="route_design"/>
    <Step Id="post_route_phys_opt_design"/>
    <Step Id="write_bitstream"/>
  </Strategy>
</GenRun>
